id,name,model_id:id,group_id:id,perm_read,perm_write,perm_create,perm_unlink
access_trellis_vault_controlled_document,access_trellis_vault_controlled_document,model_trellis_vault_controlled_document,base.group_user,1,1,1,1
access_trellis_vault_training_record,access_trellis_vault_training_record,model_trellis_vault_training_record,base.group_user,1,1,1,1
access_trellis_vault_strain,access_trellis_vault_strain,model_trellis_vault_strain,base.group_user,1,1,1,1
access_trellis_vault_mother_tag,access_trellis_vault_mother_tag,model_trellis_vault_mother_tag,base.group_user,1,1,1,1
